CREATE TABLE IF NOT EXISTS recipes (id TEXT,language TEXT,title TEXT,rating_count TEXT,rating_score TEXT,level TEXT,preparation_time TEXT,total_time TEXT,portions TEXT);
CREATE TABLE IF NOT EXISTS tm_versions (mainTableId TEXT,order INTEGER,name TEXT);
CREATE TABLE IF NOT EXISTS ingredients (mainTableId TEXT,order INTEGER,name TEXT);
CREATE TABLE IF NOT EXISTS nutritions (information TEXT,calories TEXT,proteins TEXT,carbohydrates TEXT,fats TEXT,fiber TEXT,mainTableId TEXT);
CREATE TABLE IF NOT EXISTS steps (mainTableId TEXT,order INTEGER,name TEXT);
CREATE TABLE IF NOT EXISTS tags (mainTableId TEXT,order INTEGER,name TEXT);
INSERT INTO recipes (id,language,title,rating_count,rating_score,level,preparation_time,total_time,portions) VALUES ("r55683","es-ES","Pisto","29","4.8","easy","10min","45min","6 raciones");
INSERT INTO tm_versions (mainTableId,order,name) VALUES ("r55683",0,"tm6");
INSERT INTO tm_versions (mainTableId,order,name) VALUES ("r55683",1,"tm5");
INSERT INTO tm_versions (mainTableId,order,name) VALUES ("r55683",2,"tm31");
INSERT INTO ingredients (mainTableId,order,name) VALUES ("r55683",0,"300 g de cebolla cortada en trozos de aprox. 3 cm.");
INSERT INTO ingredients (mainTableId,order,name) VALUES ("r55683",1,"150 g de pimiento rojo cortado en trozos de aprox. 3 cm.");
INSERT INTO ingredients (mainTableId,order,name) VALUES ("r55683",2,"150 g de pimiento verde cortado en trozos de aprox. 3 cm.");
INSERT INTO ingredients (mainTableId,order,name) VALUES ("r55683",3,"300 g de calabacín sin pelar, en cuartos a lo largo y luego en trozos de 3 cm");
INSERT INTO ingredients (mainTableId,order,name) VALUES ("r55683",4,"100 g de aceite de oliva virgen extra");
INSERT INTO ingredients (mainTableId,order,name) VALUES ("r55683",5,"400 g de tomate triturado en conserva (1 lata)");
INSERT INTO ingredients (mainTableId,order,name) VALUES ("r55683",6,"1 cucharadita de sal");
INSERT INTO ingredients (mainTableId,order,name) VALUES ("r55683",7,"1 pellizco de pimienta molida");
INSERT INTO nutritions (information,calories,proteins,carbohydrates,fats,fiber,mainTableId) VALUES ("por 1 ración","792 kj / 189 kcal","2.56 g","8.28 g","16.85 g","2.98 g","r55683");
INSERT INTO steps (mainTableId,order,name) VALUES ("r55683",0,"Ponga en el vaso la cebolla, el pimiento rojo, el pimiento verde y el calabacín. Trocee 5 seg/vel 4.");
INSERT INTO steps (mainTableId,order,name) VALUES ("r55683",1,"Añada el aceite y programe 20 min/120°C//vel .");
INSERT INTO steps (mainTableId,order,name) VALUES ("r55683",2,"Incorpore el tomate triturado, la sal y la pimienta. Programe 20 min/120°C//vel . Sirva caliente.");
INSERT INTO tags (mainTableId,order,name) VALUES ("r55683",0,"comida");
INSERT INTO tags (mainTableId,order,name) VALUES ("r55683",1,"cena");
INSERT INTO tags (mainTableId,order,name) VALUES ("r55683",2,"entrante");
INSERT INTO tags (mainTableId,order,name) VALUES ("r55683",3,"primer plato");
INSERT INTO tags (mainTableId,order,name) VALUES ("r55683",4,"verduras");
INSERT INTO tags (mainTableId,order,name) VALUES ("r55683",5,"vegetales");
INSERT INTO tags (mainTableId,order,name) VALUES ("r55683",6,"cocinar");
INSERT INTO tags (mainTableId,order,name) VALUES ("r55683",7,"vegano");
INSERT INTO tags (mainTableId,order,name) VALUES ("r55683",8,"vegetariana");
INSERT INTO tags (mainTableId,order,name) VALUES ("r55683",9,"caliente");
INSERT INTO tags (mainTableId,order,name) VALUES ("r55683",10,"salado");
INSERT INTO tags (mainTableId,order,name) VALUES ("r55683",11,"fácil");
INSERT INTO tags (mainTableId,order,name) VALUES ("r55683",12,"rápido");
INSERT INTO tags (mainTableId,order,name) VALUES ("r55683",13,"económico");
INSERT INTO tags (mainTableId,order,name) VALUES ("r55683",14,"saludable");
INSERT INTO tags (mainTableId,order,name) VALUES ("r55683",15,"españa");
INSERT INTO tags (mainTableId,order,name) VALUES ("r55683",16,"de diario");
INSERT INTO tags (mainTableId,order,name) VALUES ("r55683",17,"cocinar para muchos (6 +)");
INSERT INTO tags (mainTableId,order,name) VALUES ("r55683",18,"cocina de diario");
INSERT INTO tags (mainTableId,order,name) VALUES ("r55683",19,"saludable");
INSERT INTO tags (mainTableId,order,name) VALUES ("r55683",20,"económico");
INSERT INTO recipes (id,language,title,rating_count,rating_score,level,preparation_time,total_time,portions) VALUES ("r312653","es-ES","Tarta de queso estilo "La Viña"","28","4.9","easy","10min","2h","10 raciones");
INSERT INTO tm_versions (mainTableId,order,name) VALUES ("r312653",0,"tm5");
INSERT INTO tm_versions (mainTableId,order,name) VALUES ("r312653",1,"tm31");
INSERT INTO tm_versions (mainTableId,order,name) VALUES ("r312653",2,"tm6");
INSERT INTO ingredients (mainTableId,order,name) VALUES ("r312653",0,"1000 g de queso cremoso");
INSERT INTO ingredients (mainTableId,order,name) VALUES ("r312653",1,"500 g de nata (35% de grasa)");
INSERT INTO ingredients (mainTableId,order,name) VALUES ("r312653",2,"5 huevos L  o bien 6 huevos M");
INSERT INTO ingredients (mainTableId,order,name) VALUES ("r312653",3,"350 g de azúcar");
INSERT INTO ingredients (mainTableId,order,name) VALUES ("r312653",4,"30 g de harina  o bien 30 g de maicena");
INSERT INTO ingredients (mainTableId,order,name) VALUES ("r312653",5,"100 g de miel  o bien 100 g de mermelada");
INSERT INTO nutritions (information,calories,proteins,carbohydrates,fats,fiber,mainTableId) VALUES ("por 1 ración","2805.5 kj / 671.2 kcal","6.8 g","50 g","47.8 g","0.2 g","r312653");
INSERT INTO steps (mainTableId,order,name) VALUES ("r312653",0,"Precaliente el horno a 200ºC con calor arriba y abajo. Moje y escurra una lámina de papel de hornear de aprox. 40x40 cm y forre un molde desmontable de Ø 24-26 cm (al ser una preparación líquida es necesario que el papel la recoja para que no se salga).");
INSERT INTO steps (mainTableId,order,name) VALUES ("r312653",1,"Ponga en el vaso el queso cremoso, la nata, los huevos, el azúcar y la harina y mezcle 30 seg/vel 5. Vierta la mezcla en el molde preparado y hornee 50 minutos (200°C) hasta que la superficie esté dorada. Introduzca un palo de brocheta o una aguja en el centro de la tarta para comprobar la cocción: si sale limpia, aunque la parte del centro se mueva, es que está lista. Deje templar dentro del horno con la puerta entreabierta. Retire del horno, desmolde y sirva a temperatura ambiente, regada con miel, mermelada u otro topping a su gusto.");
INSERT INTO tags (mainTableId,order,name) VALUES ("r312653",0,"postre");
INSERT INTO tags (mainTableId,order,name) VALUES ("r312653",1,"tartas para celebrar");
INSERT INTO tags (mainTableId,order,name) VALUES ("r312653",2,"comida");
INSERT INTO tags (mainTableId,order,name) VALUES ("r312653",3,"merienda");
INSERT INTO tags (mainTableId,order,name) VALUES ("r312653",4,"recena");
INSERT INTO tags (mainTableId,order,name) VALUES ("r312653",5,"hornear");
INSERT INTO tags (mainTableId,order,name) VALUES ("r312653",6,"primavera");
INSERT INTO tags (mainTableId,order,name) VALUES ("r312653",7,"verano");
INSERT INTO tags (mainTableId,order,name) VALUES ("r312653",8,"otoño");
INSERT INTO tags (mainTableId,order,name) VALUES ("r312653",9,"invierno");
INSERT INTO tags (mainTableId,order,name) VALUES ("r312653",10,"económico");
INSERT INTO tags (mainTableId,order,name) VALUES ("r312653",11,"fácil");
INSERT INTO tags (mainTableId,order,name) VALUES ("r312653",12,"buffet");
INSERT INTO tags (mainTableId,order,name) VALUES ("r312653",13,"fiesta");
INSERT INTO tags (mainTableId,order,name) VALUES ("r312653",14,"vacaciones");
INSERT INTO tags (mainTableId,order,name) VALUES ("r312653",15,"cumpleaños");
INSERT INTO tags (mainTableId,order,name) VALUES ("r312653",16,"picnic");
INSERT INTO tags (mainTableId,order,name) VALUES ("r312653",17,"cocinar para muchos (6 +)");
INSERT INTO tags (mainTableId,order,name) VALUES ("r312653",18,"à sin alcohol");
INSERT INTO recipes (id,language,title,rating_count,rating_score,level,preparation_time,total_time,portions) VALUES ("r54144","es-ES","Citronnade","25","4.9","easy","5min","5min","6 verres");
INSERT INTO tm_versions (mainTableId,order,name) VALUES ("r54144",0,"tm6");
INSERT INTO tm_versions (mainTableId,order,name) VALUES ("r54144",1,"tm5");
INSERT INTO ingredients (mainTableId,order,name) VALUES ("r54144",0,"2 - 3 citrons jaunes non traités, non épluchés et coupés en deux");
INSERT INTO ingredients (mainTableId,order,name) VALUES ("r54144",1,"1000 g d'eau froide");
INSERT INTO ingredients (mainTableId,order,name) VALUES ("r54144",2,"100 g de sucre en poudre, à ajuster en fonction des goûts");
INSERT INTO ingredients (mainTableId,order,name) VALUES ("r54144",3,"10 glaçons");
INSERT INTO nutritions (information,calories,proteins,carbohydrates,fats,fiber,mainTableId) VALUES ("por 1 verres","319 kj / 76 kcal","0 g","17 g","0 g","0.3 g","r54144");
INSERT INTO steps (mainTableId,order,name) VALUES ("r54144",0,"Mettre les citrons jaunes, 500 g d'eau et le sucre dans le bol. Maintenir le gobelet doseur et pulvériser 2 sec/vitesse 10.");
INSERT INTO steps (mainTableId,order,name) VALUES ("r54144",1,"Ajouter les 500 g d'eau restants. Insérer le panier cuisson, le maintenir à l'aide de la spatule et filtrer la citronnade dans une carafe. Ajouter les glaçons et servir aussitôt.");
INSERT INTO tags (mainTableId,order,name) VALUES ("r54144",0,"déjeuner");
INSERT INTO tags (mainTableId,order,name) VALUES ("r54144",1,"goûter");
INSERT INTO tags (mainTableId,order,name) VALUES ("r54144",2,"dîner");
INSERT INTO tags (mainTableId,order,name) VALUES ("r54144",3,"boissons");
INSERT INTO tags (mainTableId,order,name) VALUES ("r54144",4,"alimentation pour les enfants");
INSERT INTO tags (mainTableId,order,name) VALUES ("r54144",5,"végétarien");
INSERT INTO tags (mainTableId,order,name) VALUES ("r54144",6,"froid");
INSERT INTO tags (mainTableId,order,name) VALUES ("r54144",7,"facile");
INSERT INTO tags (mainTableId,order,name) VALUES ("r54144",8,"rapide");
INSERT INTO tags (mainTableId,order,name) VALUES ("r54144",9,"sain/naturel");
INSERT INTO tags (mainTableId,order,name) VALUES ("r54144",10,"italie");
INSERT INTO tags (mainTableId,order,name) VALUES ("r54144",11,"espagne");
INSERT INTO tags (mainTableId,order,name) VALUES ("r54144",12,"printemps");
INSERT INTO tags (mainTableId,order,name) VALUES ("r54144",13,"eté");
INSERT INTO tags (mainTableId,order,name) VALUES ("r54144",14,"barbecues");
INSERT INTO tags (mainTableId,order,name) VALUES ("r54144",15,"anniversaires");
INSERT INTO tags (mainTableId,order,name) VALUES ("r54144",16,"buffets");
INSERT INTO tags (mainTableId,order,name) VALUES ("r54144",17,"fêtes d'enfants");
INSERT INTO tags (mainTableId,order,name) VALUES ("r54144",18,"fêtes");
INSERT INTO tags (mainTableId,order,name) VALUES ("r54144",19,"cuisiner pour 6 et plus");
INSERT INTO tags (mainTableId,order,name) VALUES ("r54144",20,"alimentation sans gluten");
INSERT INTO tags (mainTableId,order,name) VALUES ("r54144",21,"sans alcool");
INSERT INTO tags (mainTableId,order,name) VALUES ("r54144",22,"sans produits laitiers");
INSERT INTO tags (mainTableId,order,name) VALUES ("r54144",23,"alimentation sans lactose");
INSERT INTO tags (mainTableId,order,name) VALUES ("r54144",24,"sans œufs");
INSERT INTO tags (mainTableId,order,name) VALUES ("r54144",25,"vidéo");
INSERT INTO recipes (id,language,title,rating_count,rating_score,level,preparation_time,total_time,portions) VALUES ("r96912","es-ES","Tarta de zanahoria (Carrot cake)","24","4.8","easy","15min","1h 50min","12 raciones");
INSERT INTO tm_versions (mainTableId,order,name) VALUES ("r96912",0,"tm6");
INSERT INTO tm_versions (mainTableId,order,name) VALUES ("r96912",1,"tm5");
INSERT INTO tm_versions (mainTableId,order,name) VALUES ("r96912",2,"tm31");
INSERT INTO ingredients (mainTableId,order,name) VALUES ("r96912",0,"1 cucharadita de mantequilla para engrasar");
INSERT INTO ingredients (mainTableId,order,name) VALUES ("r96912",1,"280 g de azúcar");
INSERT INTO ingredients (mainTableId,order,name) VALUES ("r96912",2,"10 tiras de piel de naranja (solo la parte naranja)");
INSERT INTO ingredients (mainTableId,order,name) VALUES ("r96912",3,"400 g de zanahorias cortadas en trozos");
INSERT INTO ingredients (mainTableId,order,name) VALUES ("r96912",4,"4 huevos");
INSERT INTO ingredients (mainTableId,order,name) VALUES ("r96912",5,"240 g de aceite de girasol");
INSERT INTO ingredients (mainTableId,order,name) VALUES ("r96912",6,"250 g de harina de repostería");
INSERT INTO ingredients (mainTableId,order,name) VALUES ("r96912",7,"2 cucharaditas rasas de bicarbonato");
INSERT INTO ingredients (mainTableId,order,name) VALUES ("r96912",8,"2 cucharaditas rasas de levadura química en polvo");
INSERT INTO ingredients (mainTableId,order,name) VALUES ("r96912",9,"1 ½ cucharaditas de canela molida");
INSERT INTO ingredients (mainTableId,order,name) VALUES ("r96912",10,"½ cucharadita de nuez moscada molida");
INSERT INTO ingredients (mainTableId,order,name) VALUES ("r96912",11,"¼ cucharadita de sal");
INSERT INTO ingredients (mainTableId,order,name) VALUES ("r96912",12,"80 g de chocolate blanco en trozos");
INSERT INTO ingredients (mainTableId,order,name) VALUES ("r96912",13,"70 g de mantequilla (a temperatura ambiente)");
INSERT INTO ingredients (mainTableId,order,name) VALUES ("r96912",14,"400 g de queso cremoso (tipo Philadelphia®)");
INSERT INTO ingredients (mainTableId,order,name) VALUES ("r96912",15,"30 g de zumo de naranja recién exprimido");
INSERT INTO ingredients (mainTableId,order,name) VALUES ("r96912",16,"50 g de azúcar glas");
INSERT INTO ingredients (mainTableId,order,name) VALUES ("r96912",17,"30 - 40 g de nueces peladas troceadas");
INSERT INTO nutritions (information,calories,proteins,carbohydrates,fats,fiber,mainTableId) VALUES ("por 1 ración","2586 kj / 619 kcal","14.14 g","49.15 g","40.62 g","1.79 g","r96912");
INSERT INTO steps (mainTableId,order,name) VALUES ("r96912",0,"Precaliente el horno a 180°C. Engrase con la mantequilla los laterales de un molde desmontable de Ø 22 cm y cubra la base y los laterales con papel de hornear de manera que el papel sobresalga por 2-3 cm por encima del borde del molde.");
INSERT INTO steps (mainTableId,order,name) VALUES ("r96912",1,"Ponga en el vaso el azúcar y la piel de naranja y pulverice 20 seg/vel 10.");
INSERT INTO steps (mainTableId,order,name) VALUES ("r96912",2,"Añada las zanahorias y triture 5 seg/vel 5.");
INSERT INTO steps (mainTableId,order,name) VALUES ("r96912",3,"Agregue los huevos y el aceite de girasol y mezcle 30 seg/vel 5.");
INSERT INTO steps (mainTableId,order,name) VALUES ("r96912",4,"Incorpore la harina, el bicarbonato, la levadura química, la canela, la nuez moscada y la sal y mezcle 3 seg/vel 6. Termine de mezclar con la espátula y vierta la mezcla en el molde preparado.");
INSERT INTO steps (mainTableId,order,name) VALUES ("r96912",5,"Hornee durante 60 minutos (180°C). Deje enfriar el bizcocho dentro del molde durante 20 minutos y después desmolde sobre una rejilla. Lave y seque el vaso.");
INSERT INTO steps (mainTableId,order,name) VALUES ("r96912",6,"Ponga en el vaso el chocolate blanco y ralle 8 seg/vel 8.");
INSERT INTO steps (mainTableId,order,name) VALUES ("r96912",7,"Con la espátula, baje el chocolate hacia el fondo del vaso. Añada la mantequilla y funda 1 min/50°C/vel 3.");
INSERT INTO steps (mainTableId,order,name) VALUES ("r96912",8,"Incorpore el queso cremoso, el zumo de naranja y el azúcar glas y mezcle 30 seg/vel 3.");
INSERT INTO steps (mainTableId,order,name) VALUES ("r96912",9,"Con la espátula, baje los ingredientes hacia el fondo del vaso y vuelva a mezclar 30 seg/vel 4.");
INSERT INTO steps (mainTableId,order,name) VALUES ("r96912",10,"Corte el bizcocho por la mitad y rellene con la mitad del frosting. Cubra con la otra parte del bizcocho y extienda el resto del frosting sobre la superficie. Espolvoree con las nueces y deje enfriar 15 minutos en el frigorífico antes de servir.");
INSERT INTO tags (mainTableId,order,name) VALUES ("r96912",0,"comida");
INSERT INTO tags (mainTableId,order,name) VALUES ("r96912",1,"merienda");
INSERT INTO tags (mainTableId,order,name) VALUES ("r96912",2,"cena");
INSERT INTO tags (mainTableId,order,name) VALUES ("r96912",3,"snack");
INSERT INTO tags (mainTableId,order,name) VALUES ("r96912",4,"postre");
INSERT INTO tags (mainTableId,order,name) VALUES ("r96912",5,"bizcochos");
INSERT INTO tags (mainTableId,order,name) VALUES ("r96912",6,"hornear");
INSERT INTO tags (mainTableId,order,name) VALUES ("r96912",7,"enfriar");
INSERT INTO tags (mainTableId,order,name) VALUES ("r96912",8,"vegetariana");
INSERT INTO tags (mainTableId,order,name) VALUES ("r96912",9,"fácil");
INSERT INTO tags (mainTableId,order,name) VALUES ("r96912",10,"económico");
INSERT INTO tags (mainTableId,order,name) VALUES ("r96912",11,"america");
INSERT INTO tags (mainTableId,order,name) VALUES ("r96912",12,"estados unidos de américa");
INSERT INTO tags (mainTableId,order,name) VALUES ("r96912",13,"fiesta de niños");
INSERT INTO tags (mainTableId,order,name) VALUES ("r96912",14,"de diario");
INSERT INTO tags (mainTableId,order,name) VALUES ("r96912",15,"vacaciones");
INSERT INTO tags (mainTableId,order,name) VALUES ("r96912",16,"cocinar para muchos (6 +)");
INSERT INTO tags (mainTableId,order,name) VALUES ("r96912",17,"para estudiantes");
INSERT INTO tags (mainTableId,order,name) VALUES ("r96912",18,"à sin alcohol");
INSERT INTO recipes (id,language,title,rating_count,rating_score,level,preparation_time,total_time,portions) VALUES ("r54126","es-ES","Pancakes à l'américaine","23","4.8","easy","20min","30min","12 pièces");
INSERT INTO tm_versions (mainTableId,order,name) VALUES ("r54126",0,"tm6");
INSERT INTO tm_versions (mainTableId,order,name) VALUES ("r54126",1,"tm5");
INSERT INTO ingredients (mainTableId,order,name) VALUES ("r54126",0,"50 g de beurre doux, coupé en morceaux, et un peu pour la poêle");
INSERT INTO ingredients (mainTableId,order,name) VALUES ("r54126",1,"300 g de lait");
INSERT INTO ingredients (mainTableId,order,name) VALUES ("r54126",2,"2 œufs");
INSERT INTO ingredients (mainTableId,order,name) VALUES ("r54126",3,"30 g de sucre en poudre");
INSERT INTO ingredients (mainTableId,order,name) VALUES ("r54126",4,"200 g de farine de blé");
INSERT INTO ingredients (mainTableId,order,name) VALUES ("r54126",5,"10 g de levure chimique (1 sachet)");
INSERT INTO ingredients (mainTableId,order,name) VALUES ("r54126",6,"½ c. à café de sel");
INSERT INTO nutritions (information,calories,proteins,carbohydrates,fats,fiber,mainTableId) VALUES ("por 1 part","548 kj / 131 kcal","4 g","16 g","6 g","0.5 g","r54126");
INSERT INTO steps (mainTableId,order,name) VALUES ("r54126",0,"Mettre le beurre dans le bol et faire fondre 2 min/70°C/vitesse 1.");
INSERT INTO steps (mainTableId,order,name) VALUES ("r54126",1,"Ajouter le lait, les œufs, le sucre, la farine, la levure chimique et le sel, puis mixer 10 sec/vitesse 5.");
INSERT INTO steps (mainTableId,order,name) VALUES ("r54126",2,"Pour cuire les pancakes, faire fondre ½ c. à café de beurre dans une poêle sur feu moyen. Verser une louche de pâte et cuire 1-2 minutes, ou jusqu’à ce que des bulles se forment à la surface du pancake. Retourner le pancake à l'aide d'une spatule et cuire l'autre face 1 minute supplémentaire. Poser le pancake sur une assiette et le couvrir pour le maintenir chaud. Répéter l'opération avec le reste de pâte. Servir chaud.");
INSERT INTO tags (mainTableId,order,name) VALUES ("r54126",0,"petit déjeuner");
INSERT INTO tags (mainTableId,order,name) VALUES ("r54126",1,"goûter");
INSERT INTO tags (mainTableId,order,name) VALUES ("r54126",2,"usa");
INSERT INTO tags (mainTableId,order,name) VALUES ("r54126",3,"quotidien");
INSERT INTO tags (mainTableId,order,name) VALUES ("r54126",4,"cuisiner pour 6 et plus");
INSERT INTO tags (mainTableId,order,name) VALUES ("r54126",5,"cuisine du placard");
INSERT INTO tags (mainTableId,order,name) VALUES ("r54126",6,"vidéo");
INSERT INTO recipes (id,language,title,rating_count,rating_score,level,preparation_time,total_time,portions) VALUES ("r54155","es-ES","Velouté de courgette","20","4.8","easy","10min","25min","4 portions");
INSERT INTO tm_versions (mainTableId,order,name) VALUES ("r54155",0,"tm5");
INSERT INTO tm_versions (mainTableId,order,name) VALUES ("r54155",1,"tm6");
INSERT INTO ingredients (mainTableId,order,name) VALUES ("r54155",0,"50 g d'oignon, coupé en deux");
INSERT INTO ingredients (mainTableId,order,name) VALUES ("r54155",1,"1 gousse d'ail (opcional)");
INSERT INTO ingredients (mainTableId,order,name) VALUES ("r54155",2,"700 g de courgettes, coupées en morceaux");
INSERT INTO ingredients (mainTableId,order,name) VALUES ("r54155",3,"500 g d'eau");
INSERT INTO ingredients (mainTableId,order,name) VALUES ("r54155",4,"1 cube de bouillon de légumes  o bien 1 c. à soupe bombée de fond de légumes");
INSERT INTO ingredients (mainTableId,order,name) VALUES ("r54155",5,"½ c. à café de sel, à ajuster en fonction des goûts");
INSERT INTO ingredients (mainTableId,order,name) VALUES ("r54155",6,"1 pincée de poivre moulu, à ajuster en fonction des goûts");
INSERT INTO ingredients (mainTableId,order,name) VALUES ("r54155",7,"10 g de beurre");
INSERT INTO ingredients (mainTableId,order,name) VALUES ("r54155",8,"40 - 50 g de fromage à tartiner, type La Vache qui Rit®");
INSERT INTO nutritions (information,calories,proteins,carbohydrates,fats,fiber,mainTableId) VALUES ("por 1 portion","401 kj / 96 kcal","5 g","5 g","6 g","1.6 g","r54155");
INSERT INTO steps (mainTableId,order,name) VALUES ("r54155",0,"Mettre l'oignon et la gousse d'ail dans le bol, puis hacher 3 sec/vitesse 5. Racler les parois du bol à l'aide de la spatule.");
INSERT INTO steps (mainTableId,order,name) VALUES ("r54155",1,"Ajouter les courgettes, l'eau, le cube de bouillon de légumes, le sel et le poivre, puis cuire 15 min/100°C/vitesse 1.");
INSERT INTO steps (mainTableId,order,name) VALUES ("r54155",2,"Ajouter le beurre et le fromage à tartiner, puis mixer 1 min/vitesse 4-8, en augmentant progressivement la vitesse. Rectifier l’assaisonnement si besoin et servir chaud.");
INSERT INTO tags (mainTableId,order,name) VALUES ("r54155",0,"dîner");
INSERT INTO tags (mainTableId,order,name) VALUES ("r54155",1,"souper");
INSERT INTO tags (mainTableId,order,name) VALUES ("r54155",2,"entrée");
INSERT INTO tags (mainTableId,order,name) VALUES ("r54155",3,"soupes et veloutés");
INSERT INTO tags (mainTableId,order,name) VALUES ("r54155",4,"légumes");
INSERT INTO tags (mainTableId,order,name) VALUES ("r54155",5,"cuisson");
INSERT INTO tags (mainTableId,order,name) VALUES ("r54155",6,"cuisson vapeur");
INSERT INTO tags (mainTableId,order,name) VALUES ("r54155",7,"facile");
INSERT INTO tags (mainTableId,order,name) VALUES ("r54155",8,"rapide");
INSERT INTO tags (mainTableId,order,name) VALUES ("r54155",9,"economique");
INSERT INTO tags (mainTableId,order,name) VALUES ("r54155",10,"sain/naturel");
INSERT INTO tags (mainTableId,order,name) VALUES ("r54155",11,"europe");